Cell Type: Samples	Type	ourNaming	MainName	Description	Region	Anatomical Region	Age of Mouse (postnatal day)	Method	RNA isolation method	RNA amplification and labeling method	Platform	Reference
H_lva_cortex:v2_GSM337817,v2_GSM337818,v2_GSM337819	Neuron	NA	NA	Pyramidal Neurons	Cortex	Layer 5A Cortex	Adult	TRAP	RNeasy Micro Kit	T7 IVT	Affymetrix 430 2.0	Doyle et al., 2008
H_lvb_cortex:v2_GSM337821,v2_GSM337822,v2_GSM337823	Neuron	NA	NA	Pyramidal Neurons	Cortex	Layer 5B Cortex	Adult	TRAP	RNeasy Micro Kit	T7 IVT	Affymetrix 430 2.0	Doyle et al., 2008
H_l6_cortex:v2_GSM337837,v2_GSM337838,v2_GSM337839	Neuron	NA	NA	Pyramidal Neurons	Cortex	Layer 6 Cortex	Adult	TRAP	RNeasy Micro Kit	T7 IVT	Affymetrix 430 2.0	Doyle et al., 2008
H_cck+_cortex:v2_GSM337769,v2_GSM337770,v2_GSM337771	Neuron	NA	NA	Mixed Neurons	Cortex	Cortex	Adult	TRAP	RNeasy Micro Kit	T7 IVT	Affymetrix 430 2.0	Doyle et al., 2008
H_mn_brainstem:v2_GSM337773,v2_GSM337774,v2_GSM337775	Neuron	MotorCholin	MotorCholinStem	Motor Neurons, Midbrain Cholinergic Neurons	Brainstem	Brainstem	Adult	TRAP	RNeasy Micro Kit	T7 IVT	Affymetrix 430 2.0	Doyle et al., 2008
H_chol_basal_fb:v2_GSM337779,v2_GSM337780,v2_GSM337781	Neuron	Cholin	Cholinergic	Cholinergic Projection Neurons	Forebrain	Basal Forebrain	Adult	TRAP	RNeasy Micro Kit	T7 IVT	Affymetrix 430 2.0	Doyle et al., 2008
H_chol_spinal:v2_GSM337785,v2_GSM337786,v2_GSM337787	Neuron	MotorCholin	MotorCholinSpinal	Motor Neurons, Cholinergic Interneurons	SpinalCord	Spinal Cord	Adult	TRAP	RNeasy Micro Kit	T7 IVT	Affymetrix 430 2.0	Doyle et al., 2008
H_chol_corp_striatum:v2_GSM337791,v2_GSM337792,v2_GSM337793	Neuron	Cholin	Cholinergic	Cholinergic Neurons	Striatum	Corpus Striatum	Adult	TRAP	RNeasy Micro Kit	T7 IVT	Affymetrix 430 2.0	Doyle et al., 2008
H_cort+_cortex:v2_GSM337804,v2_GSM337805,v2_GSM337806	Neuron	Inter	Inter	Interneurons	Cortex	Cortex	Adult	TRAP	RNeasy Micro Kit	T7 IVT	Affymetrix 430 2.0	Doyle et al., 2008
H_drd1+_msn_striatum:v2_GSM337807,v2_GSM337808,v2_GSM337809	Neuron	Spiny	SpinyDrd1	Drd1+ Medium Spiny Neurons	Striatum	Striatum	Adult	TRAP	RNeasy Micro Kit	T7 IVT	Affymetrix 430 2.0	Doyle et al., 2008
H_drd2+_msn_striatum:v2_GSM337812,v2_GSM337813,v2_GSM337814	Neuron	Spiny	SpinyDrd2	Drd2+ Medium Spiny Neurons	Striatum	Striatum	Adult	TRAP	RNeasy Micro Kit	T7 IVT	Affymetrix 430 2.0	Doyle et al., 2008
H_golgi_cerebellum:v2_GSM337825,v2_GSM337826,v2_GSM337827	Neuron	Golgi	Golgi	Golgi Cells	Cerebellum	Cerebellum	Adult	TRAP	RNeasy Micro Kit	T7 IVT	Affymetrix 430 2.0	Doyle et al., 2008
H_uni_brush_cerebellum:v2_GSM337828,v2_GSM337829,v2_GSM337830	Neuron	NA	NA	Unipolar Brush cells (some Bergman Glia)	Cerebellum	Cerebellum	Adult	TRAP	RNeasy Micro Kit	T7 IVT	Affymetrix 430 2.0	Doyle et al., 2008
H_stell_basket_cerebellum:v2_GSM337831,v2_GSM337832,v2_GSM337833	Neuron	Basket	Basket	Stellate Basket Cells	Cerebellum	Cerebellum	Adult	TRAP	RNeasy Micro Kit	T7 IVT	Affymetrix 430 2.0	Doyle et al., 2008
H_granule_cerebellum:v2_GSM337834,v2_GSM337835,v2_GSM337836	Neuron	Granule	Granule	Granule Cells	Cerebellum	Cerebellum	Adult	TRAP	RNeasy Micro Kit	T7 IVT	Affymetrix 430 2.0	Doyle et al., 2008
H_molig_cerebellum:v2_GSM337796,v2_GSM337797,v2_GSM337798	Glia	Oligo	OligoMature	Mature Oligodendrocytes	Cerebellum	Cerebellum	Adult	TRAP	RNeasy Micro Kit	T7 IVT	Affymetrix 430 2.0	Doyle et al., 2008
H_molig_cortex:v2_GSM337800,v2_GSM337801,v2_GSM337802	Glia	Oligo	OligoMature	Mature Oligodendrocytes	Cortex	Cortex	Adult	TRAP	RNeasy Micro Kit	T7 IVT	Affymetrix 430 2.0	Doyle et al., 2008
H_mixed_olig_cerebellum:v2_GSM337841,v2_GSM337842,v2_GSM337843	Glia	Oligo	OligoMix	Mixed Oligodendrocytes	Cerebellum	Cerebellum	Adult	TRAP	RNeasy Micro Kit	T7 IVT	Affymetrix 430 2.0	Doyle et al., 2008
H_mixed_olig_cortex:v2_GSM337844,v2_GSM337845,v2_GSM337846	Glia	Oligo	OligoMix	Mixed Oligodendrocytes	Cortex	Cortex	Adult	TRAP	RNeasy Micro Kit	T7 IVT	Affymetrix 430 2.0	Doyle et al., 2008
H_purkinje_cerebellum:v2_GSM337848,v2_GSM337849,v2_GSM337850,v2_GSM337851,v2_GSM337852,v2_GSM337853	Neuron	Purkinje	Putkinje	Purkinje Cells	Cerebellum	Cerebellum	Adult	TRAP	RNeasy Micro Kit	T7 IVT	Affymetrix 430 2.0	Doyle et al., 2008
H_pnoc+_cortex:v2_GSM337857,v2_GSM337858,v2_GSM337859	Neuron	NA	NA	Neurons	Cortex	Cortex	Adult	TRAP	RNeasy Micro Kit	T7 IVT	Affymetrix 430 2.0	Doyle et al., 2008
H_bergmann_cerebellum:v2_GSM337861,v2_GSM337862,v2_GSM337863	Glia	Bergmann	Bergmann	Bergman Glia	Cerebellum	Cerebellum	Adult	TRAP	RNeasy Micro Kit	T7 IVT	Affymetrix 430 2.0	Doyle et al., 2008
H_astro_cerebellum:v2_GSM337760,v2_GSM337761,v2_GSM337762	Glia	NA	NA	Astroglia	Cerebellum	Cerebellum	Adult	TRAP	RNeasy Micro Kit	T7 IVT	Affymetrix 430 2.0	Doyle et al., 2008
H_astro_cortex:v2_GSM337763,v2_GSM337764,v2_GSM337766,v2_GSM337767	Glia	NA	NA	Astroglia	Cortex	Cortex	Adult	TRAP	RNeasy Micro Kit	T7 IVT	Affymetrix 430 2.0	Doyle et al., 2008
B_astrosP7-8:v2_GSM241898,v2_GSM241900,v2_GSM241902	Glia	NA	NA	Astrocytes	Cortex	Cortex	7.5	PAN/FACS	RNeasy Micro Kit	T7 IVT	Affymetrix 430 2.0	Cahoy et al., 2008
B_astrosP17:v2_GSM241912,v2_GSM241914,v2_GSM241926	Glia	Astroctyte	Astroctyte	Astrocytes	Cortex	Cortex	17	PAN/FACS	RNeasy Micro Kit	T7 IVT	Affymetrix 430 2.0	Cahoy et al., 2008
B_astrosP17g:v2_GSM241915,v2_GSM241925	Glia	Astroctyte	Astroctyte	Astrocytes	Cortex	Cortex	17	PAN/FACS	RNeasy Micro Kit	T7 IVT	Affymetrix 430 2.0	Cahoy et al., 2008
B_neuronsP7:v2_GSM241899,v2_GSM241901,v2_GSM241903	Neuron	NA	NA	Mixed Neurons	Cortex	Cortex	7	PAN/FACS	RNeasy Micro Kit	T7 IVT	Affymetrix 430 2.0	Cahoy et al., 2008
B_neuronsP16:v2_GSM241896,v2_GSM241904	Neuron	NA	NA	Mixed Neurons	Cortex	Cortex	16	PAN/FACS	RNeasy Micro Kit	T7 IVT	Affymetrix 430 2.0	Cahoy et al., 2008
B_myelinOLs:v2_GSM241890,v2_GSM241893,v2_GSM241894,v2_GSM241918	Glia	Oligo	OligoMature	Mature Oligodendrocytes	Cortex	Cortex	17	PAN	RNeasy Micro Kit	T7 IVT	Affymetrix 430 2.0	Cahoy et al., 2008
B_OLs:v2_GSM241889,v2_GSM241891,v2_GSM241892,v2_GSM241917	Glia	NA	NA	Oligodendrocytes	Cortex	Cortex	7	PAN	RNeasy Micro Kit	T7 IVT	Affymetrix 430 2.0	Cahoy et al., 2008
B_OPCs:v2_GSM241895,v2_GSM241916	Glia	NA	NA	Oligodendrocyte Precursors	Cortex	Cortex	7	PAN	RNeasy Micro Kit	T7 IVT	Affymetrix 430 2.0	Cahoy et al., 2008
A_callosal_P3:GSM37084,GSM37085	Neuron	NA	NA	Pyramidal Neurons, Callosally projecting, P3	Cortex	Cortex	3	FACS	StrataPrep Total RNA Micro Kit	T7 IVT	Affymetrix MOE430A	Arlotta et al., 2005
A_callosal_P6:GSM37086,GSM37087	Neuron	NA	NA	Pyramidal Neurons, Callosally projecting, P6	Cortex	Cortex	6	FACS	StrataPrep Total RNA Micro Kit	T7 IVT	Affymetrix MOE430A	Arlotta et al., 2005
A_callosal_P14:GSM37088,GSM37089	Neuron	Pyramidal	Pyramidal	Pyramidal Neurons, Callosally projecting, P14	Cortex	Cortex	14	FACS	StrataPrep Total RNA Micro Kit	T7 IVT	Affymetrix MOE430A	Arlotta et al., 2005
A_corticospinal_P3:GSM37092,GSM37093,GSM37094	Neuron	NA	NA	Pyramidal Neurons, Corticospinal, P3	Cortex	Cortex	3	FACS	StrataPrep Total RNA Micro Kit	T7 IVT	Affymetrix MOE430A	Arlotta et al., 2005
A_corticospinal_P6:GSM37095,GSM37096	Neuron	NA	NA	Pyramidal Neurons, Corticospinal, P6	Cortex	Cortex	6	FACS	StrataPrep Total RNA Micro Kit	T7 IVT	Affymetrix MOE430A	Arlotta et al., 2005
A_corticospinal_P14:GSM37097,GSM37098	Neuron	Pyramidal	PyramidalCorticospine	Pyramidal Neurons, Corticospinal, P14	Cortex	Cortex	14	FACS	StrataPrep Total RNA Micro Kit		Affymetrix MOE430A	Arlotta et al., 2005
A_corticotecal_P14:GSM37099,GSM37100	Neuron	Pyramidal	PyramidaCorticotectal	Pyramidal Neurons, Corticotectal, P14	Cortex	Cortex	14	FACS	StrataPrep Total RNA Micro Kit	T7 IVT	Affymetrix MOE430A	Arlotta et al., 2005
S_yfp_cg: GSM63033, GSM63034, GSM63035	Neuron	Pyramidal	Pyramidal	Pyramidal Neurons	Cortex	Layer 6 Cingulate Cortex	60	Manual	Pico Pure RNA isolation kit	T7 IVT	Affymetrix MOE430A	Sugino et al., 2006
S_yfp_si: GSM63039, GSM63040, GSM63041	Neuron	Pyramidal	Pyramidal	Pyramidal Neurons	Cortex	Layers 5-6, Somatosensory Cortex	61	Manual	Pico Pure RNA isolation kit	T7 IVT	Affymetrix MOE430A	Sugino et al., 2006
S_bcg: GSM63036, GSM63037, GSM63038	Neuron	Pyramidal	Pyramidal	Pyramidal Neurons	Cortex	Layers 5-6 Cingulate Cortex	62	Manual	Pico Pure RNA isolation kit	T7 IVT	Affymetrix MOE430A	Sugino et al., 2006
S_yfp_a:y111a,y120a,y90a: GSM63045, GSM63046, GSM63047	Neuron	Pyramidal	Pyramidal	Pyramidal Neurons	Amygdala	Amygdala	63	Manual	Pico Pure RNA isolation kit	T7 IVT	Affymetrix MOE430A	Sugino et al., 2006
S_yfp_h:y104h,y43h,y81h: GSM63042, GSM63043, GSM63044	Neuron	Pyramidal	Pyramidal	Pyramidal Neurons	Hippocampus	Hippocampus	64	Manual	Pico Pure RNA isolation kit	T7 IVT	Affymetrix MOE430A	Sugino et al., 2006
S_g30_a:s44am,s61am,s63am GSE2882 for all sugino: GSM63048, GSM63049, GSM63050	Neuron	Gluta	Gluta	Glutamatergic Neuron (not well defined)	Amygdala	Amygdala	65	Manual	Pico Pure RNA isolation kit	T7 IVT	Affymetrix MOE430A	Sugino et al., 2006
S_g30_cg GSM63024, GSM63025, GSM63026	Neuron	Gaba	GabaVIPReln	GABAergic Interneurons, VIP+	Cortex	Cingulate Cortex	66	Manual	Pico Pure RNA isolation kit	T7 IVT	Affymetrix MOE430A	Sugino et al., 2006
S_g30_si  GSM63027, GSM63028, GSM63029	Neuron	Gaba	GabaVIPReln	GABAergic Interneurons, VIP+	Cortex	Somatosensory Cortex	67	Manual	Pico Pure RNA isolation kit	T7 IVT	Affymetrix MOE430A	Sugino et al., 2006
S_gin_cg GSM63018, GSM63019, GSM63020	Neuron	Gaba	GabaRelnCalb	GABAergic Interneurons, SST+	Cortex	Cingulate Cortex	68	Manual	Pico Pure RNA isolation kit	T7 IVT	Affymetrix MOE430A	Sugino et al., 2006
S_gin_h GSM63015, GSM63016, GSM63017	Neuron	Gaba	GabaSSTReln	GABAergic Interneurons, SST+	Hippocampus	Hippocampus	69	Manual	Pico Pure RNA isolation kit	T7 IVT	Affymetrix MOE430A	Sugino et al., 2006
S_g42_cg GSM63021, GSM63022, GSM63023	Neuron	GabaPV	GabaPV	GABAergic Interneurons, PV+	Cortex	Cingulate Cortex	70	Manual	Pico Pure RNA isolation kit	T7 IVT	Affymetrix MOE430A	Sugino et al., 2006
S_g42_lg: GSM63030, GSM63031, GSM63032	Neuron	Gaba	GabaReln	GABAergic Interneurons, PV+	Thalamus	Thalamus (Lateral Geniculate Nucleus)	71	Manual	Pico Pure RNA isolation kit	T7 IVT	Affymetrix MOE430A	Sugino et al., 2006
S_g42_p7:v2_H52P7,v2_H65P7,v2_H85P7 :GSE17806: GSM444349, GSM444350, GSM444351	Neuron	NA	NA	GABAergic Interneurons, PV+, P7	Cortex	Somatosensory Cortex	7	Manual	Pico Pure RNA isolation kit	T7 IVT	Affymetrix 430 2.0	Okaty et al., 2009
S_g42_p10:v2_H47P10,v2_H71P10,v2_H72P10: GSM444352,GSM444353, GSM444354	Neuron	NA	NA	GABAergic Interneurons, PV+, P10	Cortex	Somatosensory Cortex	10	Manual	Pico Pure RNA isolation kit	T7 IVT	Affymetrix 430 2.0	Okaty et al., 2009
S_g42_p15:v2_H34P13,v2_rhwj1,v2_rhwj2: GSM444355, GSM444356, GSM444357	Neuron	GabaPV	GabaPV	GABAergic Interneurons, PV+, P13-P15	Cortex	Somatosensory Cortex	15	Manual	Pico Pure RNA isolation kit	T7 IVT	Affymetrix 430 2.0	Okaty et al., 2009
S_g42_p25:v2_H48P25,v2_H53P25,v2_H55P25 : GSM444358, GSM444359, GSM444360	Neuron	GabaPV	GabaPV	GABAergic Interneurons, PV+, P25	Cortex	Somatosensory Cortex	25	Manual	Pico Pure RNA isolation kit	T7 IVT	Affymetrix 430 2.0	Okaty et al., 2009
S_g42_rwt:v2_rhw38,v2_rhw54,v2_rhw60: GSM444361, GSM444362, GSM444363	Neuron	GabaPV	GabaPV	GABAergic Interneurons, PV+	Cortex	Motor Cortex	45	Manual	Pico Pure RNA isolation kit	T7 IVT	Affymetrix 430 2.0	Okaty et al., 2009
GSM741193, GSM741194, GSM741192	Glia	Microglia	Microglia	Microglia	All	dunno	42	FACS	dunno	dunno	Affymetrix 430 2.0	Feder 2008
R_somat_ctx_lv: SSCx-V_1, SSCx-V_2	NA	NA	NA	Mixed cells	Cortex	Layer 5 Somatosensory cortex	60	LCM	RNeasy Micro Kit	T7 IVT	Affymetrix MOE430A	Rossner et al., 2007
R_somat_ctx: SSCx-I-VI_1, SSCx-I-VI_2, SSCx-I-VI_3	NA	NA	NA	Mixed cells	Cortex	Layers 1-6 Somatosensory cortex (no white matter)	61	LCM	RNeasy Micro Kit	T7 IVT	Affymetrix MOE430A	Rossner et al., 2007
R_motor_ctx_lv: MCx-V_1, MCx-V_2	NA	NA	NA	Mixed cells	Cortex	Layer 5 Motor cortex	62	LCM	RNeasy Micro Kit	T7 IVT	Affymetrix MOE430A	Rossner et al., 2007
R_motor_ctx: MCx-I-VI_1, MCx-I-VI_2, MCx-I-VI_3	NA	NA	NA	Mixed cells	Cortex	Layers 1-6 Motor cortex (no white matter)	63	LCM	RNeasy Micro Kit	T7 IVT	Affymetrix MOE430A	Rossner et al., 2007
R_cerebellar_ctx: Cbx-1, Cbx-2, Cbx-3	NA	NA	NA	Mixed cells	Cortex	Cerebellar cortex (no white matter)	64	LCM	RNeasy Micro Kit	T7 IVT	Affymetrix MOE430A	Rossner et al., 2007
R_purkinje:PC400_1,PC400_2,PC400_3	Neuron	Purkinje	Purkinje	Purkinje Cells	Cerebellum	Cerebellum	65	LCM	RNeasy Micro Kit	T7 IVT	Affymetrix MOE430A	Rossner et al., 2006
R_yfp_motor:Y+MCx_1,Y+MCx_2,Y+MCx_3	Neuron	Pyramidal	Pyramidal	Pyramidal Neurons	Cortex	Layer 5 Motor Cortex	66	LCM	RNeasy Micro Kit	T7 IVT	Affymetrix MOE430A	Rossner et al., 2006
R_yfp_somat:Y+SSCx_1,Y+SSCx_2,Y+SSCx_3	Neuron	Pyramidal	Pyramidal	Pyramidal Neurons	Cortex	Layer 5 Somatosensory cortex	67	LCM	RNeasy Micro Kit	T7 IVT	Affymetrix MOE430A	Rossner et al., 2006
I_A9:A9_13_Chee_S1_M430A,A9_14_b_Chee_S2_M430A,A9_14_Chee_S2_M430A,A9_15_Chee_S1_M430A,A9_17_Chee_S1_M430A,A9_13_Chee_S2_M430A,A9_14_b_Chee_S1_M430A,A9_14_Chee_S1_M430A,A9_15_Chee_S2_M430A,A9_16_Chee_S1_M430A,A9_16_Chee_S2_M430A,A9_17_Chee_S2_M430A,A9_18_Chee_S1_M430A,A9_18_Chee_S2_M430A,A9_19_Chee_S1_M430A,A9_19_Chee_S2_M430A,A9_20_Chee_S1_M430A,A9_20_Chee_S2_M430A,A9_6_Chee_S1_M430A,A9_6_Chee_S2_M430A,A9_7_Chee_S1_M430A,A9_7_Chee_S2_M430A,A9_8_Chee_S1_M430A,A9_8_Chee_S2_M430A	Neuron	Dopaminergic	A9Dopaminergic	A9 Dopaminergic Neurons	Midbrain	Ventral Midbrain	Adult	LCM	Pico Pure RNA isolation kit	T7 IVT	Affymetrix MOE430A	Chung et al., 2005
I_A10:A10_15_Chee_S1_M430A,A10_16_Chee_S1_M430A,A10_17_Chee_S1_M430A,A10_18_Chee_S1_M430A,A10_19_Chee_S1_M430A,A10_13_Chee_S1_M430A,A10_13_Chee_S2_M430A,A10_14_Chee_S1_M430A,A10_14_Chee_S2_M430A,A10_15_Chee_S2_M430A,A10_16_Chee_S2_M430A,A10_17_Chee_S2_M430A,A10_18_Chee_S2_M430A,A10_19_Chee_S2_M430A,A10_2_b_Chee_S1_M430A,A10_2_b_Chee_S2_M430A,A10_2_Chee_S1_M430A,A10_2_Chee_S2_M430A,A10_20_Chee_S1_M430A,A10_20_Chee_S2_M430A,A10_6_Chee_S2_M430A,A10_7_Chee_S1_M430A,A10_7_Chee_S2_M430A,A10_8_Chee_S1_M430A,A10_8_Chee_S2_M430A,A10_3_b_Chee_S1_M430A,A10_3_b_Chee_S2_M430A,A10_3_Chee_S1_M430A,A10_3_Chee_S2_M430A,A10_6_Chee_S1_M430A	Neuron	Dopaminergic	A10Dopaminergic	A10 Dopaminergic Neurons	Midbrain	Ventral Midbrain	Adult	LCM	Pico Pure RNA isolation kit	T7 IVT	Affymetrix MOE430A	Chung et al., 2005
S_yrt_wt:v2_yrt2-wt,v2_yrt2-wt1,v2_yrt3-wt,v2_yrt6-wt	Neuron	Pyramidal	Pyramidal	Pyramidal Neurons	Cortex	Motor cortex	60	Manual	Pico Pure RNA isolation kit	T7 IVT	Affymetrix 430 2.0	Unpublished
S_th_lc:v2_th118LC,v2_th34LC,v2_th52LC	Neuron	Tyrosine	Tyrosine	Tyrosine Hydroxylase Expressing	Locus Cereuleus	Locus Cereuleus	45	Manual	Pico Pure RNA isolation kit	T7 IVT	Affymetrix 430 2.0	Unpublished
S_cb_wt:v2_cbw60,v2_cbw73,v2_cbw87,v2_cbw87b	Neuron	Purkinje	Purkinje	Purkinje Cells	Cerebellum	Cerebellum	45	Manual	Pico Pure RNA isolation kit	T7 IVT	Affymetrix 430 2.0	Unpublished
GSM465752,GSM465753	Glia	Ependymal	Ependymal	CD24+ (ependymal cell)	Ependymal	sub ependymal zone	56	FACS			Affymetrix 430 2.0	Beckervordersandforth et al 2010
CHECK SAMPLES!!! MIGHT BE WRONGLY LABELED GSM281245,GSM281246,GSM281249	Neuron	Granule	Granule	dentate gyrus granule cells	Hippocampus	hippocampus	49	LCM			Affymetrix 430 2.0	Perrone-Bizzozero NI et al 2011
GSM1259969,GSM1259970,GSM1259971	Neuron	NA	NA	DL nucleus motor neuron	????	dorsolateral nucleus	7	LCM			Affymetrix 430 2.0	Spiller et al 2014
GSM1321391,GSM1321398,GSM1321395	Neuron	Spiny	SpinyDrd1	Drd1+ Medium Spiny Neurons	Striatum	Striatum	210	TRAP			Affymetrix 430 2.0	Maze et al 2014
GSM1329516,GSM1329517,GSM1329521,GSM1329522,GSM1329523,GSM1329524,GSM1329527,GSM1329528,GSM1329529,GSM1329530	Neuron	Spiny	SpinyDrd1	Drd1a+ Medium Spiny Neurons	Striatum	Striatum	80.5	TRAP			Affymetrix 430 2.0	Heiman et al 2014
GSM1185170,GSM1185171,GSM1185172,GSM1185173,GSM1185174,GSM1185175,GSM1185176	Neuron	Spiny	SpinyDrd1	Drd1a+ Medium Spiny Neurons	Striatum	Striatum	180	TRAP			Affymetrix 430 2.0	Tan et al 2013
GSM1329477,GSM1329478,GSM1329479,GSM1329485,GSM1329486,GSM1329488,GSM1329489,GSM1329490,GSM1329491,GSM1329492	Neuron	Spiny	SpinyDrd2	Drd2+ Medium Spiny Neurons	Striatum	Striatum	80.5	TRAP			Affymetrix 430 2.0	Heiman et al 2014
GSM1321400,GSM1321402,GSM1321405	Neuron	Spiny	SpinyDrd2	Drd2+ Medium Spiny Neurons	Striatum	Striatum	105	TRAP			Affymetrix 430 2.0	Maze et al 2014
GSM874480,GSM874481,GSM874482	Neuron	Pyramidal	Pyramidal	Glt25d2 positive pyramidal cells	PontineNuc	Layer 5b corticopontine	60	TRAP			Affymetrix 430 2.0	Schmidt et al 2012
GSM465760,GSM465761	Neuron	Stem	Stem	hGFAP and Prominin 1+ (neural stem)	Ependymal	sub ependymal zone	56	FACS			Affymetrix 430 2.0	Beckervordersandforth et al 2010
GSM465748,GSM465749,GSM465750,GSM465751	Glia	Astroctyte	Astroctyte	hGFAP cells (astrocytes)	Diencephalon	diencephalon	56	FACS			Affymetrix 430 2.0	Beckervordersandforth et al 2010
GSM465754,GSM465755	Neuron	Stem	Stem	hGFAP only (neural stem)	Ependymal	sub ependymal zone	56	FACS			Affymetrix 430 2.0	Beckervordersandforth et al 2010
GSM947326,GSM947327,GSM947328,GSM947329	Neuron	Hyprocretinergic	Hyprocretinergic	hypocretinergic neurons	Thalamus	thalamus and hypothalamus (basically lateral hypothalamus)	63	TRAP			Affymetrix 430 2.0	Dalal et al 2013
GSM1259963,GSM1259964,GSM1259965	Neuron	NA	NA	lumbar motor neuron	SpinalCord	spinal cord	7	LCM			Affymetrix 430 2.0	Spiller et al 2014
unbiological GSM1176642,GSM1176643,GSM1176644,GSM1176645,GSM1176646,GSM1176647	Glia	NA	NA	Mixed excluding oligodendrocytes	Cerebellum	Cerebellum	66.5	TRAP			Affymetrix 430 2.0	Bellesi et al 2013
GSM406436,GSM406437,GSM406438	Neuron	NA	NA	MN9D dopaminergic neuroblastoma cell lines	????			NA			Mouse430A_2	Biagioli et al 2009
GSM485239,GSM485243,GSM485247	Neuron	NA	NA	Non-serotonergic	NA	Rostral	-12.5	FACS			Affymetrix 430 2.0	Wylie et al 2010
GSM485241,GSM485245,GSM485249	Neuron	NA	NA	Non-serotonergic	????	Caudal	-12.5	FACS			Affymetrix 430 2.0	Wylie et al 2010
GSM1259966,GSM1259967,GSM1259968	Neuron	NA	NA	oculomotor nucleus motor neuron	????	Oculomotor nucleus	7	LCM			Affymetrix 430 2.0	Spiller et al 2014
GSM742912,GSM742913,GSM742914	Glia	Oligo	Oligo	Olig2 positive cells	Cortex	cortex	90	TRAP			Affymetrix 430 2.0	Fomchenko et al 2011
Awake GSM1176624,GSM1176625,GSM1176626,GSM1176627,GSM1176628,GSM1176629	Glia	Oligo	Oligo	Oligodendrocytes	Cerebellum	Cerebellum	66.5	TRAP			Affymetrix 430 2.0	Bellesi et al 2013
GSM465756,GSM465757,GSM465758,GSM465759	Neuron	Stem	Stem	Prominin 1+ only (neural stem cells)	Ependymal	sub ependymal zone	56	FACS			Affymetrix 430 2.0	Beckervordersandforth et al 2010
GSM909413,GSM909414,GSM909415	Neuron	NA	NA	Purkinje Cells	Cerebellum	Cerebellum	3	Manual	Arcturus PicoPure	MessageAmp II aRNA amplification	Affymetrix 430 2.0	Paul et al 2012
GSM909416,GSM909417,GSM909418	Neuron	NA	NA	Purkinje Cells	Cerebellum	Cerebellum	7	Manual	Arcturus PicoPure	MessageAmp II aRNA amplification	Affymetrix 430 2.0	Paul et al 2012
GSM909419,GSM909420,GSM909421	Neuron	Purkinje	Purkinje	Purkinje Cells	Cerebellum	Cerebellum	14	Manual	Arcturus PicoPure	MessageAmp II aRNA amplification	Affymetrix 430 2.0	Paul et al 2012
GSM909422,GSM909423,GSM909424,GSM909425	Neuron	Purkinje	Purkinje	Purkinje Cells	Cerebellum	Cerebellum	21	Manual	Arcturus PicoPure	MessageAmp II aRNA amplification	Affymetrix 430 2.0	Paul et al 2012
GSM909426,GSM909427,GSM909428,GSM909429	Neuron	Purkinje	Purkinje	Purkinje Cells	Cerebellum	Cerebellum	28	Manual	Arcturus PicoPure	MessageAmp II aRNA amplification	Affymetrix 430 2.0	Paul et al 2012
GSM909430,GSM909431,GSM909432,GSM909433	Neuron	Purkinje	Purkinje	Purkinje Cells	Cerebellum	Cerebellum	35	Manual	Arcturus PicoPure	MessageAmp II aRNA amplification	Affymetrix 430 2.0	Paul et al 2012
GSM909434,GSM909435,GSM909436,GSM909437	Neuron	Purkinje	Purkinje	Purkinje Cells	Cerebellum	Cerebellum	56	Manual	Arcturus PicoPure	MessageAmp II aRNA amplification	Affymetrix 430 2.0	Paul et al 2012
GSM1373408,GSM1373409,GSM1373410	Neuron	Purkinje	Purkinje	Purkinje Cells	Cerebellum	Cerebellum	28	TRAP			Affymetrix 430 2.0	Galloway et al 2014
GSM1373414,GSM1373415,GSM1373416	Neuron	Purkinje	Purkinje	Purkinje Cells	Cerebellum	Cerebellum	56	TRAP			Affymetrix 430 2.0	Galloway et al 2014
GSM1373399,GSM1373400,GSM1373401	Neuron	Purkinje	Purkinje	Purkinje Cells	Cerebellum	Cerebellum	84	TRAP			Affymetrix 430 2.0	Galloway et al 2014
GSM874416,GSM874418,GSM874420	Neuron	Pyramidal	Pyramidal	S100a10 positive pyramidal cells	Striatum	Layer 5a corticostriatal	60	TRAP			Affymetrix 430 2.0	Schmidt et al 2012
GSM880683,GSM880684,GSM880685	Neuron	Serotonergic	Serotonergic	Serotonergic Neurons	Midbrain,Brainstem	Midbrain and brainstem	63	TRAP			Affymetrix 430 2.0	Dougherty et al 2013
*GSM485238,GSM485242,GSM485246	Neuron	NA	NA	Serotonergic Neurons	NA	Rostral	-12.5	FACS			Affymetrix 430 2.0	Wylie et al 2010
*GSM485240,GSM485244,GSM485248	Neuron	NA	NA	Serotonergic Neurons	NA	Caudal	-12.5	FACS			Affymetrix 430 2.0	Wylie et al 2010
GSM909438,GSM909439,GSM909440,GSM909441	Neuron	Basket	Basket	Stellate Basket Cells	Cerebellum	Cerebellum	14	Manual	Arcturus PicoPure	MessageAmp II aRNA amplification	Affymetrix 430 2.0	Paul et al 2012
GSM909442,GSM909443,GSM909444	Neuron	Basket	Basket	Stellate Basket Cells	Cerebellum	Cerebellum	21	Manual	Arcturus PicoPure	MessageAmp II aRNA amplification	Affymetrix 430 2.0	Paul et al 2012
GSM909445,GSM909446,GSM909447,GSM909448	Neuron	Basket	Basket	Stellate Basket Cells	Cerebellum	Cerebellum	28	Manual	Arcturus PicoPure	MessageAmp II aRNA amplification	Affymetrix 430 2.0	Paul et al 2012
GSM909449,GSM909450,GSM909451	Neuron	Basket	Basket	Stellate Basket Cells	Cerebellum	Cerebellum	35	Manual	Arcturus PicoPure	MessageAmp II aRNA amplification	Affymetrix 430 2.0	Paul et al 2012
GSM909452,GSM909453,GSM909454	Neuron	Basket	Basket	Stellate Basket Cells	Cerebellum	Cerebellum	56	Manual	Arcturus PicoPure	MessageAmp II aRNA amplification	Affymetrix 430 2.0	Paul et al 2012
